vikram,k,433333
2589632
aadarsh,kumar,8521479632
aditi,sharma,7458963212
adwitiya,sinha,8796541231
ajit,tomar,8874569321
alka,sharma,7856941230
alok,chauhan,8796541230
amanpreet,kaur,700152248
amit,mishra,7456222136
amrish,kumar,8007900521
ankita,wadhwa,7452136982
anuj,kumar,7002155664
archana,purwar,7855412360
badri,bajaj,7001022322
baleshwar,tiwari,7485123655
bhagat,singh,7485693215
bhrat,gupta,7584693214
bhola,ram,8524679135
bhubesh,joshi,9875462132
chakresh,jain,9658741236
chetna,dabas,8547562165
dk,rai,7485961232
debdeep,de,7485862155
deepa,tiwari,8745693214
dipak,kumar,7451236982
ekta,bhatt,9854763214
gangadeep,kaur,7415896236
hema,nagraj,9875463214
hima,gupta,7485123965
indra,sarethy,6478512369
iqbal,ahmad,9854712365
jyoti,jha,98547632012
k,rajlakshmi,9658721403
kabir,singh,8794652013
kamal,rawal,7485216390
kavita,pandey,9865740122
kirti,aggrawal,7458963210
krishna,singh,7845692220
kunden,lal,7000548200
lokendra,kumar,8745662152
manish,kumar,8896541252
megha,rathi,74501258963
mihir,jha,7846520005
monica,chaudhari,7854120369
nandan,bharti,7485963001
narendra,goswami,8754693210
neetu,singh,7482156390
nidhi,gupta,8866025412
om,prakash,7452136547
pammi,gauba,7450012669
papia,chaudhari,8743022156
parul,aggrawal,7852140369
pato,kumari,8745665412
raju,sahgal,8745213690
sakshi,aggrawal,8745210036
sherry,garg,84478205272
shikha,jain,7852014562
shamim,akhtar,7885001244
taj,alam,8555200015
vaibhav,gupta,7889654125
vikas,aggrawal,7485511566
yogesh,singh,7485963210
